{"value": "2025-04-11T00:00:00+00:00", "expires": 1782541138.3788188, "created": 1782454738.3788188}