{"value": "2026-06-26T00:00:00+00:00", "expires": 1782541138.3107476, "created": 1782454738.3107476}