{"value": "2025-04-11T00:00:00+00:00", "expires": 1782540348.7963588, "created": 1782453948.7963588}