{"value": "2025-07-12T00:00:00+00:00", "expires": 1782540420.3399045, "created": 1782454020.3399045}