{"value": "2026-06-26T00:00:00+00:00", "expires": 1782541138.704346, "created": 1782454738.704346}