{"value": "2026-06-26T00:00:00+00:00", "expires": 1782540420.8166382, "created": 1782454020.8166382}