{"value": "2026-06-25T16:00:00+00:00", "expires": 1782540420.5288892, "created": 1782454020.5288892}