{"value": "2026-06-25T16:00:00+00:00", "expires": 1782541138.4284153, "created": 1782454738.4284153}