{"value": "2024-07-06T00:00:00+00:00", "expires": 1782540420.5108535, "created": 1782454020.5108535}