{"value": "2026-06-26T00:00:00+00:00", "expires": 1782541138.4577754, "created": 1782454738.4577754}